{"vegetable":"CABBAGE (REPOLYO), 1 KG","predicted_price":69.35440063476562,"current_avg_price":70.87,"price_change":-1.5155993652343795,"price_change_percent":-2.138562671418625,"demand_level":"Stable"}